NAME,PARTIES
ABELLI Gian Carlo,POPOLO DELLA LIBERTA'
ABRIGNANI Ignazio,POPOLO DELLA LIBERTA'
ADINOLFI Mario,PARTITO DEMOCRATICO
ADORNATO Ferdinando,UNIONE DI CENTRO PER IL TERZO POLO
AGOSTINI Luciano,PARTITO DEMOCRATICO
AIRAGHI Marco,POPOLO DELLA LIBERTA'
ALBINI Tea,PARTITO DEMOCRATICO
ALBONETTI Gabriele,PARTITO DEMOCRATICO
ALEMANNO Giovanni,POPOLO DELLA LIBERTA'
ALESSANDRI Angelo,MISTO
ALFANO Angelino,POPOLO DELLA LIBERTA'
ALFANO Gioacchino,POPOLO DELLA LIBERTA'
ALLASIA Stefano,LEGA NORD PADANIA
AMICI Sesa,PARTITO DEMOCRATICO
ANGELI Giuseppe,POPOLO DELLA LIBERTA'
ANGELUCCI Antonio,POPOLO DELLA LIBERTA'
ANTONIONE Roberto,MISTO
APREA Valentina,POPOLO DELLA LIBERTA'
ARACRI Francesco,POPOLO DELLA LIBERTA'
ARACU Sabatino,POPOLO DELLA LIBERTA'
ARGENTIN Ileana,PARTITO DEMOCRATICO
ARMOSINO Maria Teresa,POPOLO DELLA LIBERTA'
ASCIERTO Filippo,POPOLO DELLA LIBERTA'
BACCINI Mario,POPOLO DELLA LIBERTA'
BACHELET Giovanni Battista,PARTITO DEMOCRATICO
BALDELLI Simone,POPOLO DELLA LIBERTA'
BALOCCHI Maurizio,LEGA NORD PADANIA
BARANI Lucio,POPOLO DELLA LIBERTA'
BARBA Vincenzo,POPOLO DELLA LIBERTA'
BARBARESCHI Luca Giorgio,MISTO
BARBARO Claudio,FUTURO E LIBERTA' PER IL TERZO POLO
BARBATO Francesco,ITALIA DEI VALORI
BARBI Mario,PARTITO DEMOCRATICO
BARBIERI Emerenzio,POPOLO DELLA LIBERTA'
BARETTA Pier Paolo,PARTITO DEMOCRATICO
BECCALOSSI Viviana,POPOLO DELLA LIBERTA'
BELCASTRO Elio Vittorio,MISTO
BELLANOVA Teresa,PARTITO DEMOCRATICO
BELLOTTI Luca,POPOLO DELLA LIBERTA'
BELTRANDI Marco,PARTITO DEMOCRATICO
BENAMATI Gianluca,PARTITO DEMOCRATICO
BERARDI Amato,POPOLO DELLA LIBERTA'
BERGAMINI Deborah,POPOLO DELLA LIBERTA'
BERLUSCONI Silvio,POPOLO DELLA LIBERTA'
BERNARDINI Rita,PARTITO DEMOCRATICO
BERNARDO Maurizio,POPOLO DELLA LIBERTA'
BERNINI BOVICELLI Anna Maria,POPOLO DELLA LIBERTA'
BERRETTA Giuseppe,PARTITO DEMOCRATICO
BERRUTI Massimo Maria,POPOLO DELLA LIBERTA'
BERSANI Pier Luigi,PARTITO DEMOCRATICO
BERTOLINI Isabella,MISTO
BIANCOFIORE Michaela,POPOLO DELLA LIBERTA'
BIANCONI Maurizio,POPOLO DELLA LIBERTA'
BIASOTTI Sandro,POPOLO DELLA LIBERTA'
BIAVA Francesco,POPOLO DELLA LIBERTA'
BINDI Rosy,PARTITO DEMOCRATICO
BINETTI Paola,UNIONE DI CENTRO PER IL TERZO POLO
BITONCI Massimo,LEGA NORD PADANIA
BOBBA Luigi,PARTITO DEMOCRATICO
BOCCHINO Italo,FUTURO E LIBERTA' PER IL TERZO POLO
BOCCI Gianpiero,PARTITO DEMOCRATICO
BOCCIA Francesco,PARTITO DEMOCRATICO
BOCCIARDO Mariella,POPOLO DELLA LIBERTA'
BOCCUZZI Antonio,PARTITO DEMOCRATICO
BOFFA Costantino,PARTITO DEMOCRATICO
BONAIUTI Paolo,POPOLO DELLA LIBERTA'
BONAVITACOLA Fulvio,PARTITO DEMOCRATICO
BONCIANI Alessio,UNIONE DI CENTRO PER IL TERZO POLO
BONGIORNO Giulia,FUTURO E LIBERTA' PER IL TERZO POLO
BONINO Guido,LEGA NORD PADANIA
BONIVER Margherita,POPOLO DELLA LIBERTA'
BORDO Michele,PARTITO DEMOCRATICO
BORGHESI Antonio,ITALIA DEI VALORI
BOSI Francesco,UNIONE DI CENTRO PER IL TERZO POLO
BOSSA Luisa,PARTITO DEMOCRATICO
BOSSI Umberto,LEGA NORD PADANIA
BOTTA Marco,POPOLO DELLA LIBERTA'
BRAGA Chiara,PARTITO DEMOCRATICO
BRAGANTINI Matteo,LEGA NORD PADANIA
BRAMBILLA Michela Vittoria,POPOLO DELLA LIBERTA'
BRANCHER Aldo,POPOLO DELLA LIBERTA'
BRANDOLINI Sandro,PARTITO DEMOCRATICO
BRATTI Alessandro,PARTITO DEMOCRATICO
BRESSA Gianclaudio,PARTITO DEMOCRATICO
BRIGANDI' Matteo,LEGA NORD PADANIA
BRIGUGLIO Carmelo,FUTURO E LIBERTA' PER IL TERZO POLO
BRUGGER Siegfried,MISTO
BRUNETTA Renato,POPOLO DELLA LIBERTA'
BRUNO Donato,POPOLO DELLA LIBERTA'
BUCCHINO Gino,PARTITO DEMOCRATICO
BUONANNO Gianluca,LEGA NORD PADANIA
BUONFIGLIO Antonio,MISTO
BURTONE Giovanni Mario Salvino,PARTITO DEMOCRATICO
BUTTIGLIONE Rocco,UNIONE DI CENTRO PER IL TERZO POLO
CALABRIA Annagrazia,POPOLO DELLA LIBERTA'
CALDERISI Giuseppe,POPOLO DELLA LIBERTA'
CALDORO Stefano,POPOLO DELLA LIBERTA'
CALEARO CIMAN Massimo,POPOLO E TERRITORIO (NOI SUD-LIBERTA' ED AUTONOMIA; POPOLARI D'ITALIA DOMANI-PID; MOVIMENTO DI RESPONSABILITA' NAZIONALE-MRN; AZIONE POPOLARE; ALLEANZA DI CENTRO-ADC; INTESA POPOLARE)
CALGARO Marco,UNIONE DI CENTRO PER IL TERZO POLO
CALLEGARI Corrado,LEGA NORD PADANIA
CALVISI Giulio,PARTITO DEMOCRATICO
CAMBURSANO Renato,MISTO
CANNELLA Pietro,POPOLO DELLA LIBERTA'
CAPANO Cinzia,PARTITO DEMOCRATICO
CAPARINI Davide,LEGA NORD PADANIA
CAPITANIO SANTOLINI Luisa,UNIONE DI CENTRO PER IL TERZO POLO
CAPODICASA Angelo,PARTITO DEMOCRATICO
CARDINALE Daniela,PARTITO DEMOCRATICO
CARELLA Renzo,PARTITO DEMOCRATICO
CARFAGNA Maria Rosaria,POPOLO DELLA LIBERTA'
CARLUCCI Gabriella,UNIONE DI CENTRO PER IL TERZO POLO
CARRA Enzo,UNIONE DI CENTRO PER IL TERZO POLO
CARRA Marco,PARTITO DEMOCRATICO
CASERO Luigi,POPOLO DELLA LIBERTA'
CASINI Pier Ferdinando,UNIONE DI CENTRO PER IL TERZO POLO
CASSINELLI Roberto,POPOLO DELLA LIBERTA'
CASTAGNETTI Pierluigi,PARTITO DEMOCRATICO
CASTELLANI Carla,POPOLO DELLA LIBERTA'
CASTIELLO Giuseppina,POPOLO DELLA LIBERTA'
CATANOSO GENOESE Francesco Detto Basilio Catanoso,POPOLO DELLA LIBERTA'
CATONE Giampiero,POPOLO E TERRITORIO (NOI SUD-LIBERTA' ED AUTONOMIA; POPOLARI D'ITALIA DOMANI-PID; MOVIMENTO DI RESPONSABILITA' NAZIONALE-MRN; AZIONE POPOLARE; ALLEANZA DI CENTRO-ADC; INTESA POPOLARE)
CATTANEO Valerio,POPOLO DELLA LIBERTA'
CAUSI Marco,PARTITO DEMOCRATICO
CAVALLARO Mario,PARTITO DEMOCRATICO
CAVALLOTTO Davide,LEGA NORD PADANIA
CAZZOLA Giuliano,MISTO
CECCACCI RUBINO Fiorella,POPOLO DELLA LIBERTA'
CECCUZZI Franco,PARTITO DEMOCRATICO
CENNI Susanna,PARTITO DEMOCRATICO
CENTEMERO Elena,POPOLO DELLA LIBERTA'
CERA Angelo,UNIONE DI CENTRO PER IL TERZO POLO
CERONI Remigio,POPOLO DELLA LIBERTA'
CESA Lorenzo,UNIONE DI CENTRO PER IL TERZO POLO
CESARIO Bruno,POPOLO E TERRITORIO (NOI SUD-LIBERTA' ED AUTONOMIA; POPOLARI D'ITALIA DOMANI-PID; MOVIMENTO DI RESPONSABILITA' NAZIONALE-MRN; AZIONE POPOLARE; ALLEANZA DI CENTRO-ADC; INTESA POPOLARE)
CESARO Luigi,POPOLO DELLA LIBERTA'
CHIAPPORI Giacomo,LEGA NORD PADANIA
CICCANTI Amedeo,UNIONE DI CENTRO PER IL TERZO POLO
CICCHITTO Fabrizio,POPOLO DELLA LIBERTA'
CICCIOLI Carlo,POPOLO DELLA LIBERTA'
CICU Salvatore,POPOLO DELLA LIBERTA'
CILLUFFO Francesca,PARTITO DEMOCRATICO
CIMADORO Gabriele,ITALIA DEI VALORI
CIOCCHETTI Luciano,UNIONE DI CENTRO
CIRIELLI Edmondo,POPOLO DELLA LIBERTA'
CIRIELLO Pasquale,PARTITO DEMOCRATICO
CODURELLI Lucia,PARTITO DEMOCRATICO
COLANINNO Matteo,PARTITO DEMOCRATICO
COLOMBO Furio,PARTITO DEMOCRATICO
COLUCCI Francesco,POPOLO DELLA LIBERTA'
COMAROLI Silvana Andreina,LEGA NORD PADANIA
COMMERCIO Roberto Mario Sergio,MISTO
COMPAGNON Angelo,UNIONE DI CENTRO PER IL TERZO POLO
CONCIA Anna Paola,PARTITO DEMOCRATICO
CONSIGLIO Nunziante,LEGA NORD PADANIA
CONSOLO Giuseppe,FUTURO E LIBERTA' PER IL TERZO POLO
CONTE Gianfranco,POPOLO DELLA LIBERTA'
CONTE Giorgio,FUTURO E LIBERTA' PER IL TERZO POLO
CONTENTO Manlio,POPOLO DELLA LIBERTA'
CORSARO Massimo Enrico,POPOLO DELLA LIBERTA'
CORSINI Paolo,PARTITO DEMOCRATICO
COSCIA Maria,PARTITO DEMOCRATICO
COSENTINO Nicola,POPOLO DELLA LIBERTA'
COSENZA Giulia,POPOLO DELLA LIBERTA'
COSSIGA Giuseppe,POPOLO DELLA LIBERTA'
COSTA Enrico,POPOLO DELLA LIBERTA'
COSTANTINI Carlo,ITALIA DEI VALORI
COTA Roberto,LEGA NORD PADANIA
CRAXI Stefania Gabriella Anastasia,MISTO
CRIMI Rocco,POPOLO DELLA LIBERTA'
CRISTALDI Nicolo',POPOLO DELLA LIBERTA'
CROLLA Simone Andrea,POPOLO DELLA LIBERTA'
CROSETTO Guido,POPOLO DELLA LIBERTA'
CROSIO Jonny,LEGA NORD PADANIA
CUOMO Antonio,PARTITO DEMOCRATICO
CUPERLO Giovanni,PARTITO DEMOCRATICO
D'ALEMA Massimo,PARTITO DEMOCRATICO
D'ALESSANDRO Luca,POPOLO DELLA LIBERTA'
DAL LAGO Manuela,LEGA NORD PADANIA
DAL MORO Gian Pietro,PARTITO DEMOCRATICO
DAMIANO Cesare,PARTITO DEMOCRATICO
D'AMICO Claudio,LEGA NORD PADANIA
D'ANNA Vincenzo,POPOLO E TERRITORIO (NOI SUD-LIBERTA' ED AUTONOMIA; POPOLARI D'ITALIA DOMANI-PID; MOVIMENTO DI RESPONSABILITA' NAZIONALE-MRN; AZIONE POPOLARE; ALLEANZA DI CENTRO-ADC; INTESA POPOLARE)
D'ANTONA Olga,PARTITO DEMOCRATICO
D'ANTONI Sergio Antonio,PARTITO DEMOCRATICO
DE ANGELIS Marcello,POPOLO DELLA LIBERTA'
DE BIASI Emilia Grazia,PARTITO DEMOCRATICO
DE CAMILLIS Sabrina,POPOLO DELLA LIBERTA'
DE CORATO Riccardo,POPOLO DELLA LIBERTA'
DE GIROLAMO Nunzia,POPOLO DELLA LIBERTA'
DELFINO Teresio,UNIONE DI CENTRO PER IL TERZO POLO
DELLA VEDOVA Benedetto,FUTURO E LIBERTA' PER IL TERZO POLO
DELL'ELCE Giovanni,POPOLO DELLA LIBERTA'
DEL TENNO Maurizio,POPOLO DELLA LIBERTA'
DE LUCA Francesco,POPOLO DELLA LIBERTA'
DE MICHELI Paola,PARTITO DEMOCRATICO
DE NICHILO RIZZOLI Melania,POPOLO DELLA LIBERTA'
DE PASQUALE Rosa,PARTITO DEMOCRATICO
DE POLI Antonio,UNIONE DI CENTRO PER IL TERZO POLO
DE SIANO Domenico,POPOLO DELLA LIBERTA'
DESIDERATI Marco,LEGA NORD PADANIA
DE TORRE Maria Letizia,PARTITO DEMOCRATICO
DI BIAGIO Aldo,FUTURO E LIBERTA' PER IL TERZO POLO
DI CAGNO ABBRESCIA Simeone,POPOLO DELLA LIBERTA'
DI CATERINA Marcello,POPOLO DELLA LIBERTA'
DI CENTA Manuela,POPOLO DELLA LIBERTA'
DI GIUSEPPE Anita,ITALIA DEI VALORI
DIMA Giovanni,POPOLO DELLA LIBERTA'
DI MAURO Giovanni Roberto,MISTO
D'INCECCO Vittoria,PARTITO DEMOCRATICO
DIONISI Armando,UNIONE DI CENTRO PER IL TERZO POLO
DI PIETRO Antonio,ITALIA DEI VALORI
D'IPPOLITO VITALE Ida,UNIONE DI CENTRO PER IL TERZO POLO
DI STANISLAO Augusto,ITALIA DEI VALORI
DISTASO Antonio,POPOLO DELLA LIBERTA'
DIVELLA Francesco,FUTURO E LIBERTA' PER IL TERZO POLO
DI VIRGILIO Domenico,POPOLO DELLA LIBERTA'
DI VIZIA Gian Carlo,LEGA NORD PADANIA
DONADI Massimo,MISTO
DOZZO Gianpaolo,LEGA NORD PADANIA
DRAGO Giuseppe,MISTO
DUILIO Lino,PARTITO DEMOCRATICO
DUSSIN Guido,LEGA NORD PADANIA
DUSSIN Luciano,LEGA NORD PADANIA
ESPOSITO Stefano,PARTITO DEMOCRATICO
EVANGELISTI Fabio,ITALIA DEI VALORI
FABBRI Luigi,MISTO
FABI Sabina,LEGA NORD PADANIA
FADDA Paolo,PARTITO DEMOCRATICO
FAENZI Monica,POPOLO DELLA LIBERTA'
FALLICA Giuseppe,MISTO
FARINA Gianni,PARTITO DEMOCRATICO
FARINA Renato,POPOLO DELLA LIBERTA'
FARINA COSCIONI Maria Antonietta,PARTITO DEMOCRATICO
FARINONE Enrico,PARTITO DEMOCRATICO
FASSINO Piero,PARTITO DEMOCRATICO
FAVA Giovanni,LEGA NORD PADANIA
FAVIA David,MISTO
FEDI Marco,PARTITO DEMOCRATICO
FEDRIGA Massimiliano,LEGA NORD PADANIA
FERRANTI Donatella,PARTITO DEMOCRATICO
FERRARI Pierangelo,PARTITO DEMOCRATICO
FIANO Emanuele,PARTITO DEMOCRATICO
FINI Gianfranco,FUTURO E LIBERTA' PER IL TERZO POLO
FIORIO Massimo,PARTITO DEMOCRATICO
FIORONI Giuseppe,PARTITO DEMOCRATICO
FITTO Raffaele,POPOLO DELLA LIBERTA'
FLUVI Alberto,PARTITO DEMOCRATICO
FOGLIARDI Giampaolo,PARTITO DEMOCRATICO
FOGLIATO Sebastiano,LEGA NORD PADANIA
FOLLEGOT Fulvio,LEGA NORD PADANIA
FONTANA Gregorio,POPOLO DELLA LIBERTA'
FONTANA Vincenzo Antonio,POPOLO DELLA LIBERTA'
FONTANELLI Paolo,PARTITO DEMOCRATICO
FORCIERI Giovanni Lorenzo,PARTITO DEMOCRATICO
FORCOLIN Gianluca,LEGA NORD PADANIA
FORMICHELLA Nicola,POPOLO DELLA LIBERTA'
FORMISANO Aniello,MISTO
FORMISANO Anna Teresa,UNIONE DI CENTRO PER IL TERZO POLO
FOTI Antonino,POPOLO DELLA LIBERTA'
FOTI Tommaso,POPOLO DELLA LIBERTA'
FRANCESCHINI Dario,PARTITO DEMOCRATICO
FRANZOSO Pietro,POPOLO DELLA LIBERTA'
FRASSINETTI Paola,POPOLO DELLA LIBERTA'
FRATTINI Franco,POPOLO DELLA LIBERTA'
FRONER Laura,PARTITO DEMOCRATICO
FUCCI Benedetto Francesco,POPOLO DELLA LIBERTA'
FUGATTI Maurizio,LEGA NORD PADANIA
GAGLIONE Antonio,MISTO
GALATI Giuseppe,POPOLO DELLA LIBERTA'
GALLETTI Gian Luca,UNIONE DI CENTRO PER IL TERZO POLO
GALLI Daniele,FUTURO E LIBERTA' PER IL TERZO POLO
GARAGNANI Fabio,POPOLO DELLA LIBERTA'
GARAVINI Laura,PARTITO DEMOCRATICO
GARDINI Elisabetta,MISTO
GAROFALO Vincenzo,POPOLO DELLA LIBERTA'
GAROFANI Francesco Saverio,PARTITO DEMOCRATICO
GASBARRA Enrico,PARTITO DEMOCRATICO
GATTI Maria Grazia,PARTITO DEMOCRATICO
GAVA Fabio,MISTO
GELMINI Mariastella,POPOLO DELLA LIBERTA'
GENOVESE Francantonio,PARTITO DEMOCRATICO
GENTILONI SILVERI Paolo,PARTITO DEMOCRATICO
GERMANA' Antonino Salvatore,POPOLO DELLA LIBERTA'
GHEDINI Niccolo',POPOLO DELLA LIBERTA'
GHIGLIA Agostino,POPOLO DELLA LIBERTA'
GHIZZONI Manuela,PARTITO DEMOCRATICO
GIACHETTI Roberto,PARTITO DEMOCRATICO
GIACOMELLI Antonello,PARTITO DEMOCRATICO
GIACOMONI Sestino,POPOLO DELLA LIBERTA'
GIAMMANCO Gabriella,POPOLO DELLA LIBERTA'
GIANNI Pippo,POPOLO DELLA LIBERTA'
GIBELLI Andrea,LEGA NORD PADANIA
GIBIINO Vincenzo,POPOLO DELLA LIBERTA'
GIDONI Franco,LEGA NORD PADANIA
GINEFRA Dario,PARTITO DEMOCRATICO
GINOBLE Tommaso,PARTITO DEMOCRATICO
GIORGETTI Alberto,POPOLO DELLA LIBERTA'
GIORGETTI Giancarlo,LEGA NORD PADANIA
GIOVANELLI Oriano,PARTITO DEMOCRATICO
GIRLANDA Rocco,POPOLO DELLA LIBERTA'
GIRO Francesco Maria,POPOLO DELLA LIBERTA'
GIUDICE Gaspare,POPOLO DELLA LIBERTA'
GIULIETTI Giuseppe,MISTO
GNECCHI Marialuisa,PARTITO DEMOCRATICO
GOISIS Paola,LEGA NORD PADANIA
GOLFO Lella,POPOLO DELLA LIBERTA'
GOTTARDO Isidoro,POPOLO DELLA LIBERTA'
GOZI Sandro,PARTITO DEMOCRATICO
GRANATA Benedetto Fabio,FUTURO E LIBERTA' PER IL TERZO POLO
GRASSANO Maurizio,MISTO
GRASSI Gero,PARTITO DEMOCRATICO
GRAZIANO Stefano,PARTITO DEMOCRATICO
GRIMALDI Ugo Maria Gianfranco,MISTO
GRIMOLDI Paolo,LEGA NORD PADANIA
GUZZANTI Paolo,MISTO
HOLZMANN Giorgio,POPOLO DELLA LIBERTA'
IANNACCONE Arturo,MISTO
IANNARILLI Antonello,POPOLO DELLA LIBERTA'
IANNUZZI Tino,PARTITO DEMOCRATICO
IAPICCA Maurizio,MISTO
ISIDORI Eraldo,LEGA NORD PADANIA
JANNONE Giorgio,POPOLO DELLA LIBERTA'
LABOCCETTA Amedeo,POPOLO DELLA LIBERTA'
LAFFRANCO Pietro,POPOLO DELLA LIBERTA'
LA FORGIA Antonio,PARTITO DEMOCRATICO
LAGANA' FORTUGNO Maria Grazia,MISTO
LAINATI Giorgio,POPOLO DELLA LIBERTA'
LA LOGGIA Enrico,POPOLO DELLA LIBERTA'
LA MALFA Giorgio,MISTO
LAMORTE Donato,FUTURO E LIBERTA' PER IL TERZO POLO
LANDOLFI Mario,POPOLO DELLA LIBERTA'
LANZARIN Manuela,LEGA NORD PADANIA
LANZILLOTTA Linda,MISTO
LARATTA Francesco,PARTITO DEMOCRATICO
LA RUSSA Ignazio,POPOLO DELLA LIBERTA'
LATTERI Ferdinando,MISTO
LAZZARI Luigi,POPOLO DELLA LIBERTA'
LEANZA Nicola,MISTO
LEHNER Giancarlo,POPOLO E TERRITORIO (NOI SUD-LIBERTA' ED AUTONOMIA; POPOLARI D'ITALIA DOMANI-PID; MOVIMENTO DI RESPONSABILITA' NAZIONALE-MRN; AZIONE POPOLARE; ALLEANZA DI CENTRO-ADC; INTESA POPOLARE)
LENZI Donata,PARTITO DEMOCRATICO
LEO Maurizio,POPOLO DELLA LIBERTA'
LEONE Antonio,POPOLO DELLA LIBERTA'
LETTA Enrico,PARTITO DEMOCRATICO
LEVI Ricardo Franco,PARTITO DEMOCRATICO
LIBE' Mauro,UNIONE DI CENTRO PER IL TERZO POLO
LISI Ugo,POPOLO DELLA LIBERTA'
LOLLI Giovanni,PARTITO DEMOCRATICO
LOMBARDO Angelo Salvatore,MISTO
LOMBARDO Raffaele,
LO MONTE Carmelo,MISTO
LO MORO Doris,PARTITO DEMOCRATICO
LO PRESTI Antonino,FUTURO E LIBERTA' PER IL TERZO POLO
LORENZIN Beatrice,POPOLO DELLA LIBERTA'
LOSACCO Alberto,PARTITO DEMOCRATICO
LOVELLI Mario,PARTITO DEMOCRATICO
LUCA' Mimmo,PARTITO DEMOCRATICO
LUCCHESE Francesco Paolo,MISTO
LULLI Andrea,PARTITO DEMOCRATICO
LUNARDI Pietro,POPOLO DELLA LIBERTA'
LUONGO Antonio,PARTITO DEMOCRATICO
LUPI Maurizio,POPOLO DELLA LIBERTA'
LUSETTI Renzo,UNIONE DI CENTRO PER IL TERZO POLO
LUSSANA Carolina,LEGA NORD PADANIA
MACCANTI Elena,LEGA NORD PADANIA
MADIA Maria Anna,PARTITO DEMOCRATICO
MAGGIONI Marco,LEGA NORD PADANIA
MALGIERI Gennaro,POPOLO DELLA LIBERTA'
MANCUSO Gianni,POPOLO DELLA LIBERTA'
MANNINO Calogero,MISTO
MANNUCCI Barbara,POPOLO DELLA LIBERTA'
MANTINI Pierluigi,UNIONE DI CENTRO PER IL TERZO POLO
MANTOVANO Alfredo,POPOLO DELLA LIBERTA'
MARAN Alessandro,MISTO
MARANTELLI Daniele,PARTITO DEMOCRATICO
MARCAZZAN Pietro,UNIONE DI CENTRO PER IL TERZO POLO
MARCHI Maino,PARTITO DEMOCRATICO
MARCHIGNOLI Massimo,PARTITO DEMOCRATICO
MARCHIONI Elisa,PARTITO DEMOCRATICO
MARGIOTTA Salvatore,PARTITO DEMOCRATICO
MARIANI Raffaella,PARTITO DEMOCRATICO
MARINELLO Giuseppe Francesco Maria,POPOLO DELLA LIBERTA'
MARINI Cesare,PARTITO DEMOCRATICO
MARINI Giulio,POPOLO DELLA LIBERTA'
MARMO Roberto,POPOLO E TERRITORIO (NOI SUD-LIBERTA' ED AUTONOMIA; POPOLARI D'ITALIA DOMANI-PID; MOVIMENTO DI RESPONSABILITA' NAZIONALE-MRN; AZIONE POPOLARE; ALLEANZA DI CENTRO-ADC; INTESA POPOLARE)
MARONI Roberto,LEGA NORD PADANIA
MARROCU Siro,PARTITO DEMOCRATICO
MARSILIO Marco,POPOLO DELLA LIBERTA'
MARTELLA Andrea,PARTITO DEMOCRATICO
MARTINELLI Marco,POPOLO DELLA LIBERTA'
MARTINI Francesca,LEGA NORD PADANIA
MARTINO Antonio,POPOLO DELLA LIBERTA'
MARTINO Pierdomenico,PARTITO DEMOCRATICO
MASTROMAURO Margherita Angela,PARTITO DEMOCRATICO
MATTESINI Donella,PARTITO DEMOCRATICO
MAZZARELLA Eugenio,PARTITO DEMOCRATICO
MAZZOCCHI Antonio,POPOLO DELLA LIBERTA'
MAZZONI Riccardo,POPOLO DELLA LIBERTA'
MAZZUCA Giancarlo,POPOLO DELLA LIBERTA'
MECACCI Matteo,PARTITO DEMOCRATICO
MELANDRI Giovanna,PARTITO DEMOCRATICO
MELCHIORRE Daniela,MISTO
MELIS Guido,PARTITO DEMOCRATICO
MELONI Giorgia,POPOLO DELLA LIBERTA'
MENIA Roberto,FUTURO E LIBERTA' PER IL TERZO POLO
MEREU Antonio,UNIONE DI CENTRO PER IL TERZO POLO
MERLO Giorgio,PARTITO DEMOCRATICO
MERLO Ricardo Antonio,UNIONE DI CENTRO PER IL TERZO POLO
MERLONI Maria Paola,PARTITO DEMOCRATICO
MERONI Fabio,LEGA NORD PADANIA
MESSINA Ignazio,ITALIA DEI VALORI
META Michele Pompeo,PARTITO DEMOCRATICO
MICCICHE' Gianfranco,MISTO
MIGLIAVACCA Maurizio,PARTITO DEMOCRATICO
MIGLIOLI Ivano,PARTITO DEMOCRATICO
MIGLIORI Riccardo,POPOLO DELLA LIBERTA'
MILANATO Lorena,POPOLO DELLA LIBERTA'
MILANESE Marco Mario,POPOLO DELLA LIBERTA'
MILIA Sergio,UNIONE DI CENTRO
MILO Antonio,POPOLO E TERRITORIO (NOI SUD-LIBERTA' ED AUTONOMIA; POPOLARI D'ITALIA DOMANI-PID; MOVIMENTO DI RESPONSABILITA' NAZIONALE-MRN; AZIONE POPOLARE; ALLEANZA DI CENTRO-ADC; INTESA POPOLARE)
MINARDO Antonino,POPOLO DELLA LIBERTA'
MINASSO Eugenio,POPOLO DELLA LIBERTA'
MINNITI Marco,PARTITO DEMOCRATICO
MIOTTO Anna Margherita,PARTITO DEMOCRATICO
MISEROTTI Lino,MISTO
MISIANI Antonio,PARTITO DEMOCRATICO
MISITI Aurelio Salvatore,MISTO
MISTRELLO DESTRO Giustina,MISTO
MISURACA Dore,POPOLO DELLA LIBERTA'
MOFFA Silvano,POPOLO E TERRITORIO (NOI SUD-LIBERTA' ED AUTONOMIA; POPOLARI D'ITALIA DOMANI-PID; MOVIMENTO DI RESPONSABILITA' NAZIONALE-MRN; AZIONE POPOLARE; ALLEANZA DI CENTRO-ADC; INTESA POPOLARE)
MOGHERINI Federica,PARTITO DEMOCRATICO
MOLES Giuseppe,POPOLO DELLA LIBERTA'
MOLGORA Daniele,LEGA NORD PADANIA
MOLTENI Laura,LEGA NORD PADANIA
MOLTENI Nicola,LEGA NORD PADANIA
MONAI Carlo,ITALIA DEI VALORI
MONDELLO Gabriella,UNIONE DI CENTRO PER IL TERZO POLO
MONTAGNOLI Alessandro,LEGA NORD PADANIA
MORASSUT Roberto,PARTITO DEMOCRATICO
MORONI Chiara,FUTURO E LIBERTA' PER IL TERZO POLO
MOSCA Alessia Maria,PARTITO DEMOCRATICO
MOSELLA Donato Renato,MISTO
MOTTA Carmen,PARTITO DEMOCRATICO
MOTTOLA Giovanni Carlo Francesco,POPOLO E TERRITORIO (NOI SUD-LIBERTA' ED AUTONOMIA; POPOLARI D'ITALIA DOMANI-PID; MOVIMENTO DI RESPONSABILITA' NAZIONALE-MRN; AZIONE POPOLARE; ALLEANZA DI CENTRO-ADC; INTESA POPOLARE)
MUNERATO Emanuela,LEGA NORD PADANIA
MURA Silvana,ITALIA DEI VALORI
MURER Delia,PARTITO DEMOCRATICO
MURGIA Bruno,POPOLO DELLA LIBERTA'
MURO Luigi,FUTURO E LIBERTA' PER IL TERZO POLO
MUSCARDINI Cristiana,
MUSSOLINI Alessandra,POPOLO DELLA LIBERTA'
NACCARATO Alessandro,PARTITO DEMOCRATICO
NANNICINI Rolando,PARTITO DEMOCRATICO
NAPOLI Angela,MISTO
NAPOLI Osvaldo,POPOLO DELLA LIBERTA'
NARDUCCI Franco,PARTITO DEMOCRATICO
NARO Giuseppe,UNIONE DI CENTRO PER IL TERZO POLO
NASTRI Gaetano,POPOLO DELLA LIBERTA'
NEGRO Giovanna,LEGA NORD PADANIA
NICCO Roberto Rolando,MISTO
NICOLAIS Luigi,PARTITO DEMOCRATICO
NICOLUCCI Massimo,POPOLO DELLA LIBERTA'
NIRENSTEIN Fiamma,POPOLO DELLA LIBERTA'
NIZZI Settimo,POPOLO DELLA LIBERTA'
NOLA Carlo,POPOLO DELLA LIBERTA'
NUCARA Francesco,MISTO
OCCHIUTO Roberto,UNIONE DI CENTRO PER IL TERZO POLO
OLIVERI Sandro,MISTO
OLIVERIO Nicodemo Nazzareno,PARTITO DEMOCRATICO
OPPI Giorgio,UNIONE DI CENTRO
ORLANDO Andrea,PARTITO DEMOCRATICO
ORLANDO Leoluca,ITALIA DEI VALORI
ORSINI Andrea,POPOLO E TERRITORIO (NOI SUD-LIBERTA' ED AUTONOMIA; POPOLARI D'ITALIA DOMANI-PID; MOVIMENTO DI RESPONSABILITA' NAZIONALE-MRN; AZIONE POPOLARE; ALLEANZA DI CENTRO-ADC; INTESA POPOLARE)
OSSORIO Giuseppe,MISTO
PAGANO Alessandro,POPOLO DELLA LIBERTA'
PAGLIA Gianfranco,FUTURO E LIBERTA' PER IL TERZO POLO
PALADINI Giovanni,MISTO
PALAGIANO Antonio,ITALIA DEI VALORI
PALMIERI Antonio,POPOLO DELLA LIBERTA'
PALOMBA Federico,ITALIA DEI VALORI
PALUMBO Giuseppe,POPOLO DELLA LIBERTA'
PANIZ Maurizio,POPOLO DELLA LIBERTA'
PAOLINI Luca Rodolfo,LEGA NORD PADANIA
PAPA Alfonso,POPOLO DELLA LIBERTA'
PARENTI Marilena,PARTITO DEMOCRATICO
PARISI Arturo Mario Luigi,PARTITO DEMOCRATICO
PARISI Massimo,POPOLO DELLA LIBERTA'
PAROLI Adriano,POPOLO DELLA LIBERTA'
PASTORE Maria Piera,LEGA NORD PADANIA
PATARINO Carmine Santo,FUTURO E LIBERTA' PER IL TERZO POLO
PECORELLA Gaetano,MISTO
PEDOTO Luciana,PARTITO DEMOCRATICO
PELINO Paola,POPOLO DELLA LIBERTA'
PELUFFO Vinicio Giuseppe Guido,PARTITO DEMOCRATICO
PEPE Antonio,POPOLO DELLA LIBERTA'
PEPE Mario (Misto),MISTO
PEPE Mario (Pd),PARTITO DEMOCRATICO
PERINA Flavia,FUTURO E LIBERTA' PER IL TERZO POLO
PES Caterina,PARTITO DEMOCRATICO
PESCANTE Mario,POPOLO DELLA LIBERTA'
PETRENGA Giovanna,POPOLO DELLA LIBERTA'
PEZZOTTA Savino,MISTO
PIANETTA Enrico,POPOLO DELLA LIBERTA'
PICCHI Guglielmo,POPOLO DELLA LIBERTA'
PICCOLO Salvatore,PARTITO DEMOCRATICO
PICIERNO Pina,PARTITO DEMOCRATICO
PIFFARI Sergio Michele,MISTO
PILI Mauro,POPOLO DELLA LIBERTA'
PINI Gianluca,LEGA NORD PADANIA
PIONATI Francesco,POPOLO E TERRITORIO (NOI SUD-LIBERTA' ED AUTONOMIA; POPOLARI D'ITALIA DOMANI-PID; MOVIMENTO DI RESPONSABILITA' NAZIONALE-MRN; AZIONE POPOLARE; ALLEANZA DI CENTRO-ADC; INTESA POPOLARE)
PIROVANO Ettore,LEGA NORD PADANIA
PISACANE Michele,POPOLO E TERRITORIO (NOI SUD-LIBERTA' ED AUTONOMIA; POPOLARI D'ITALIA DOMANI-PID; MOVIMENTO DI RESPONSABILITA' NAZIONALE-MRN; AZIONE POPOLARE; ALLEANZA DI CENTRO-ADC; INTESA POPOLARE)
PISICCHIO Pino,MISTO
PISO Vincenzo,POPOLO DELLA LIBERTA'
PISTELLI Lapo,PARTITO DEMOCRATICO
PITTELLI Giancarlo,MISTO
PIZZETTI Luciano,PARTITO DEMOCRATICO
PIZZIMBONE Pier Paolo,POPOLO DELLA LIBERTA'
PIZZOLANTE Sergio,POPOLO DELLA LIBERTA'
POLI Nedo Lorenzo,UNIONE DI CENTRO PER IL TERZO POLO
POLIDORI Catia,POPOLO E TERRITORIO (NOI SUD-LIBERTA' ED AUTONOMIA; POPOLARI D'ITALIA DOMANI-PID; MOVIMENTO DI RESPONSABILITA' NAZIONALE-MRN; AZIONE POPOLARE; ALLEANZA DI CENTRO-ADC; INTESA POPOLARE)
POLLASTRINI Barbara,PARTITO DEMOCRATICO
POLLEDRI Massimo,LEGA NORD PADANIA
POMPILI Massimo,PARTITO DEMOCRATICO
PORCINO Gaetano,MISTO
PORCU Carmelo,POPOLO DELLA LIBERTA'
PORFIDIA Americo,MISTO
PORTA Fabio,PARTITO DEMOCRATICO
PORTAS Giacomo Antonio,PARTITO DEMOCRATICO
PRESTIGIACOMO Stefania,POPOLO DELLA LIBERTA'
PROIETTI COSIMI Francesco,FUTURO E LIBERTA' PER IL TERZO POLO
PUGLIESE Marco,MISTO
QUARTIANI Erminio Angelo,PARTITO DEMOCRATICO
RAINIERI Fabio,LEGA NORD PADANIA
RAISI Enzo,FUTURO E LIBERTA' PER IL TERZO POLO
RAMPELLI Fabio,POPOLO DELLA LIBERTA'
RAMPI Elisabetta,PARTITO DEMOCRATICO
RANDI Eugenio,MISTO
RAO Roberto,UNIONE DI CENTRO PER IL TERZO POLO
RAVETTO Laura,POPOLO DELLA LIBERTA'
RAZZI Antonio,POPOLO E TERRITORIO (NOI SUD-LIBERTA' ED AUTONOMIA; POPOLARI D'ITALIA DOMANI-PID; MOVIMENTO DI RESPONSABILITA' NAZIONALE-MRN; AZIONE POPOLARE; ALLEANZA DI CENTRO-ADC; INTESA POPOLARE)
REALACCI Ermete,PARTITO DEMOCRATICO
RECCHIA Pier Fausto,PARTITO DEMOCRATICO
REGUZZONI Marco Giovanni,LEGA NORD PADANIA
REPETTI Manuela,POPOLO DELLA LIBERTA'
RIA Lorenzo,MISTO
RIGONI Andrea,PARTITO DEMOCRATICO
RIVOLTA Erica,LEGA NORD PADANIA
RIXI Edoardo,LEGA NORD PADANIA
ROCCELLA Eugenia,POPOLO DELLA LIBERTA'
ROMANI Paolo,POPOLO DELLA LIBERTA'
ROMANO Francesco Saverio,POPOLO E TERRITORIO (NOI SUD-LIBERTA' ED AUTONOMIA; POPOLARI D'ITALIA DOMANI-PID; MOVIMENTO DI RESPONSABILITA' NAZIONALE-MRN; AZIONE POPOLARE; ALLEANZA DI CENTRO-ADC; INTESA POPOLARE)
ROMELE Giuseppe,POPOLO DELLA LIBERTA'
RONCHI Andrea,MISTO
RONDINI Marco,LEGA NORD PADANIA
ROSATO Ettore,PARTITO DEMOCRATICO
ROSSA Sabina,PARTITO DEMOCRATICO
ROSSI Luciano,POPOLO DELLA LIBERTA'
ROSSI Mariarosaria,POPOLO DELLA LIBERTA'
ROSSO Roberto,POPOLO DELLA LIBERTA'
ROSSOMANDO Anna,PARTITO DEMOCRATICO
ROTA Ivan,ITALIA DEI VALORI
ROTONDI Gianfranco,POPOLO DELLA LIBERTA'
RUBEN Alessandro,FUTURO E LIBERTA' PER IL TERZO POLO
RUBINATO Simonetta,PARTITO DEMOCRATICO
RUGGERI Salvatore,UNIONE DI CENTRO PER IL TERZO POLO
RUGGHIA Antonio,PARTITO DEMOCRATICO
RUSSO Antonino,PARTITO DEMOCRATICO
RUSSO Paolo,POPOLO DELLA LIBERTA'
RUVOLO Giuseppe,POPOLO E TERRITORIO (NOI SUD-LIBERTA' ED AUTONOMIA; POPOLARI D'ITALIA DOMANI-PID; MOVIMENTO DI RESPONSABILITA' NAZIONALE-MRN; AZIONE POPOLARE; ALLEANZA DI CENTRO-ADC; INTESA POPOLARE)
SAGLIA Stefano,POPOLO DELLA LIBERTA'
SALTAMARTINI Barbara,POPOLO DELLA LIBERTA'
SALVINI Matteo,LEGA NORD PADANIA
SAMMARCO Gianfranco,POPOLO DELLA LIBERTA'
SAMPERI Marilena,PARTITO DEMOCRATICO
SANGA Giovanni,PARTITO DEMOCRATICO
SANI Luca,PARTITO DEMOCRATICO
SANTAGATA Giulio,PARTITO DEMOCRATICO
SANTELLI Jole,POPOLO DELLA LIBERTA'
SANTORI Angelo,MISTO
SARDELLI Luciano Mario,MISTO
SARUBBI Andrea,PARTITO DEMOCRATICO
SAVINO Elvira,POPOLO DELLA LIBERTA'
SBAI Souad,POPOLO DELLA LIBERTA'
SBROLLINI Daniela,PARTITO DEMOCRATICO
SCAJOLA Claudio,POPOLO DELLA LIBERTA'
SCALERA Giuseppe,POPOLO DELLA LIBERTA'
SCALIA Giuseppe,MISTO
SCANDEREBECH Deodato,FUTURO E LIBERTA' PER IL TERZO POLO
SCANDROGLIO Michele,POPOLO DELLA LIBERTA'
SCAPAGNINI Umberto,POPOLO DELLA LIBERTA'
SCARPETTI Lido,PARTITO DEMOCRATICO
SCELLI Maurizio,POPOLO DELLA LIBERTA'
SCHIRRU Amalia,PARTITO DEMOCRATICO
SCILIPOTI Domenico,POPOLO E TERRITORIO (NOI SUD-LIBERTA' ED AUTONOMIA; POPOLARI D'ITALIA DOMANI-PID; MOVIMENTO DI RESPONSABILITA' NAZIONALE-MRN; AZIONE POPOLARE; ALLEANZA DI CENTRO-ADC; INTESA POPOLARE)
SERENI Marina,PARTITO DEMOCRATICO
SERVODIO Giuseppina,PARTITO DEMOCRATICO
SILIQUINI Maria Grazia,POPOLO E TERRITORIO (NOI SUD-LIBERTA' ED AUTONOMIA; POPOLARI D'ITALIA DOMANI-PID; MOVIMENTO DI RESPONSABILITA' NAZIONALE-MRN; AZIONE POPOLARE; ALLEANZA DI CENTRO-ADC; INTESA POPOLARE)
SIMEONI Giorgio,POPOLO DELLA LIBERTA'
SIMONETTI Roberto,LEGA NORD PADANIA
SIRAGUSA Alessandra,PARTITO DEMOCRATICO
SISTO Francesco Paolo,POPOLO DELLA LIBERTA'
SOGLIA Gerardo,MISTO
SORO Antonello,PARTITO DEMOCRATICO
SPECIALE Roberto,POPOLO DELLA LIBERTA'
SPOSETTI Ugo,PARTITO DEMOCRATICO
STAGNO D'ALCONTRES Francesco,MISTO
STANCA Lucio,POPOLO DELLA LIBERTA'
STASI Maria Elena,POPOLO E TERRITORIO (NOI SUD-LIBERTA' ED AUTONOMIA; POPOLARI D'ITALIA DOMANI-PID; MOVIMENTO DI RESPONSABILITA' NAZIONALE-MRN; AZIONE POPOLARE; ALLEANZA DI CENTRO-ADC; INTESA POPOLARE)
STEFANI Stefano,LEGA NORD PADANIA
STRACQUADANIO Giorgio Clelio,MISTO
STRADELLA Franco,MISTO
STRIZZOLO Ivano,PARTITO DEMOCRATICO
STUCCHI Giacomo,LEGA NORD PADANIA
SUDANO Domenico,POPOLO E TERRITORIO (NOI SUD-LIBERTA' ED AUTONOMIA; POPOLARI D'ITALIA DOMANI-PID; MOVIMENTO DI RESPONSABILITA' NAZIONALE-MRN; AZIONE POPOLARE; ALLEANZA DI CENTRO-ADC; INTESA POPOLARE)
TABACCI Bruno,MISTO
TADDEI Vincenzo,POPOLO E TERRITORIO (NOI SUD-LIBERTA' ED AUTONOMIA; POPOLARI D'ITALIA DOMANI-PID; MOVIMENTO DI RESPONSABILITA' NAZIONALE-MRN; AZIONE POPOLARE; ALLEANZA DI CENTRO-ADC; INTESA POPOLARE)
TAGLIALATELA Marcello,POPOLO DELLA LIBERTA'
TANONI Italo,MISTO
TASSONE Mario,UNIONE DI CENTRO PER IL TERZO POLO
TEMPESTINI Francesco,PARTITO DEMOCRATICO
TENAGLIA Lanfranco,PARTITO DEMOCRATICO
TERRANOVA Giacomo,MISTO
TESTA Federico,PARTITO DEMOCRATICO
TESTA Nunzio Francesco,UNIONE DI CENTRO PER IL TERZO POLO
TESTONI Piero,POPOLO DELLA LIBERTA'
TIDEI Pietro,PARTITO DEMOCRATICO
TOCCAFONDI Gabriele,POPOLO DELLA LIBERTA'
TOCCI Walter,PARTITO DEMOCRATICO
TOGNI Renato Walter,LEGA NORD PADANIA
TORAZZI Alberto,LEGA NORD PADANIA
TORRISI Salvatore,POPOLO DELLA LIBERTA'
TORTOLI Roberto,MISTO
TOTO Daniele,FUTURO E LIBERTA' PER IL TERZO POLO
TOUADI Jean Leonard,PARTITO DEMOCRATICO
TRAPPOLINO Carlo Emanuele,PARTITO DEMOCRATICO
TRAVERSA Michele,POPOLO DELLA LIBERTA'
TREMAGLIA Mirko,FUTURO E LIBERTA' PER IL TERZO POLO
TREMONTI Giulio,POPOLO DELLA LIBERTA'
TULLO Mario,PARTITO DEMOCRATICO
TURCO Livia,PARTITO DEMOCRATICO
TURCO Maurizio,PARTITO DEMOCRATICO
URSO Adolfo,MISTO
VACCARO Guglielmo,PARTITO DEMOCRATICO
VALDUCCI Mario,POPOLO DELLA LIBERTA'
VALENTINI Valentino,POPOLO DELLA LIBERTA'
VANALLI Pierguido,LEGA NORD PADANIA
VANNUCCI Massimo,PARTITO DEMOCRATICO
VASSALLO Salvatore,PARTITO DEMOCRATICO
VATINNO Giuseppe,ITALIA DEI VALORI
VEGAS Giuseppe,POPOLO DELLA LIBERTA'
VELLA Paolo,POPOLO DELLA LIBERTA'
VELO Silvia,PARTITO DEMOCRATICO
VELTRONI Walter,PARTITO DEMOCRATICO
VENTUCCI Cosimo,POPOLO DELLA LIBERTA'
VENTURA Michele,PARTITO DEMOCRATICO
VERDINI Denis,POPOLO DELLA LIBERTA'
VERDUCCI Francesco,PARTITO DEMOCRATICO
VERINI Walter,PARTITO DEMOCRATICO
VERNETTI Gianni,MISTO
VERRO Antonio Giuseppe Maria,POPOLO DELLA LIBERTA'
VERSACE Santo Domenico,MISTO
VESSA Pasquale,POPOLO DELLA LIBERTA'
VICO Ludovico,PARTITO DEMOCRATICO
VIETTI Michele Giuseppe,UNIONE DI CENTRO
VIGNALI Raffaello,POPOLO DELLA LIBERTA'
VILLECCO CALIPARI Rosa Maria,PARTITO DEMOCRATICO
VIOLA Rodolfo Giuliano,PARTITO DEMOCRATICO
VITALI Luigi,POPOLO DELLA LIBERTA'
VITO Elio,POPOLO DELLA LIBERTA'
VOLONTE' Luca,UNIONE DI CENTRO PER IL TERZO POLO
VOLPI Raffaele,LEGA NORD PADANIA
ZACCARIA Roberto,PARTITO DEMOCRATICO
ZACCHERA Marco,POPOLO DELLA LIBERTA'
ZAFFINI Roberto,LEGA NORD PADANIA
ZAMPA Sandra,PARTITO DEMOCRATICO
ZAMPARUTTI Elisabetta,PARTITO DEMOCRATICO
ZANI Ezio,PARTITO DEMOCRATICO
ZAZZERA Pierfelice,ITALIA DEI VALORI
ZELLER Karl,MISTO
ZINZI Domenico,UNIONE DI CENTRO PER IL TERZO POLO
ZORZATO Marino,POPOLO DELLA LIBERTA'
ZUCCHI Angelo,PARTITO DEMOCRATICO
ZUNINO Massimo,PARTITO DEMOCRATICO